{"cameraMode":{"drawMode":0,"name":"Shaded","section":"Shading Mode"},"sceneLighting":true,"audioPlay":false,"sceneViewState":{"showFog":true,"showMaterialUpdate":false,"showSkybox":true,"showFlares":true,"showImageEffects":true,"showParticleSystems":true},"in2DMode":false,"pivot":{"x":-6.382231712341309,"y":4.507913112640381,"z":4.041319847106934},"rotation":{"x":-0.0609978549182415,"y":0.235390767455101,"z":-0.014804154634475708,"w":-0.9698780179023743},"size":8.631597518920899,"orthographic":false}